id,email,encrypted_password,reset_password_token,reset_password_sent_at,remember_created_at,sign_in_count,current_sign_in_at,last_sign_in_at,current_sign_in_ip,last_sign_in_ip,created_at,updated_at,avatar,gender,first_name,last_name,dob,employee_id,phone_no,status,team_id
,akratlel@ewuogba.co.uk,2a$11$V3JFLQyf1hDDHlzEznYdme5XT7Z6U4nYJGbxuYYIcv.TgxelFBG42,,,,0,,,,,,,,,William,,,,,,
,gusazi@atilema.edu,2a$11$V3JFLQyf1hDDHlzEznYdme5XT7Z6U4nYJGbxuYYIcv.TgxelFBG43,,,,0,,,,,,,,,Steve Russell,,,,,,
,cuheehi@wetrih.io,2a$11$V3JFLQyf1hDDHlzEznYdme5XT7Z6U4nYJGbxuYYIcv.TgxelFBG44,,,,0,,,,,,,,,Johanna Phillips,,,,,,
,pefuh@abutoad.co.uk,2a$11$V3JFLQyf1hDDHlzEznYdme5XT7Z6U4nYJGbxuYYIcv.TgxelFBG45,,,,0,,,,,,,,,Cameron Ferguson,,,,,,
,lem@dohig.co.uk,2a$11$V3JFLQyf1hDDHlzEznYdme5XT7Z6U4nYJGbxuYYIcv.TgxelFBG46,,,,0,,,,,,,,,Effie Gomez,,,,,,
,wonijnen@atogej.gov,2a$11$V3JFLQyf1hDDHlzEznYdme5XT7Z6U4nYJGbxuYYIcv.TgxelFBG47,,,,0,,,,,,,,,Donald Byrd,,,,,,
,gicun@moumoro.co.uk,2a$11$V3JFLQyf1hDDHlzEznYdme5XT7Z6U4nYJGbxuYYIcv.TgxelFBG48,,,,0,,,,,,,,,Lily Ray,,,,,,
,umdaoni@iruzref.com,2a$11$V3JFLQyf1hDDHlzEznYdme5XT7Z6U4nYJGbxuYYIcv.TgxelFBG49,,,,0,,,,,,,,,Benjamin Benson,,,,,,
,bismuv@edi.co.uk,2a$11$V3JFLQyf1hDDHlzEznYdme5XT7Z6U4nYJGbxuYYIcv.TgxelFBG51,,,,0,,,,,,,,,Lucille Wolfe,,,,,,
,cas@veti.gov,2a$11$V3JFLQyf1hDDHlzEznYdme5XT7Z6U4nYJGbxuYYIcv.TgxelFBG5O,,,,0,,,,,,,,,Norman Martin,,,,,,
,zi@fetinuda.io,2a$11$V3JFLQyf1hDDHlzEznYdme5XT7Z6U4nYJGbxuYYIcv.TgxelFBG52,,,,0,,,,,,,,,Essie Baile,,,,,,
,garbu@surojon.io,2a$11$V3JFLQyf1hDDHlzEznYdme5XT7Z6U4nYJGbxuYYIcv.TgxelFBG53,,,,0,,,,,,,,,Cynthia Frazier,,,,,,
,lesbe@gib.edu,2a$11$V3JFLQyf1hDDHlzEznYdme5XT7Z6U4nYJGbxuYYIcv.TgxelFBG54,,,,0,,,,,,,,,Adrian Perkins,,,,,,
,orsuim@ruh.gov,2a$11$V3JFLQyf1hDDHlzEznYdme5XT7Z6U4nYJGbxuYYIcv.TgxelFBG55,,,,0,,,,,,,,,Travis Armstrong,,,,,,
,zoge@jafbiwvu.gov,2a$11$V3JFLQyf1hDDHlzEznYdme5XT7Z6U4nYJGbxuYYIcv.TgxelFBG56,,,,0,,,,,,,,,Hester Campbell,,,,,,
,rulihtum@mehlelav.co.uk,2a$11$V3JFLQyf1hDDHlzEznYdme5XT7Z6U4nYJGbxuYYIcv.TgxelFBG57,,,,0,,,,,,,,,Danny Bell,,,,,,
,tetus@cab.io,2a$11$V3JFLQyf1hDDHlzEznYdme5XT7Z6U4nYJGbxuYYIcv.TgxelFBG58,,,,0,,,,,,,,,Mitchell Mann,,,,,,
,buvepi@ronablu.org,2a$11$V3JFLQyf1hDDHlzEznYdme5XT7Z6U4nYJGbxuYYIcv.TgxelFBG59,,,,0,,,,,,,,,Lola Guzman,,,,,,
,unop@ibute.gov,2a$11$V3JFLQyf1hDDHlzEznYdme5XT7Z6U4nYJGbxuYYIcv.TgxelFBG6O,,,,0,,,,,,,,,Chester May,,,,,,
,ra@zadibi.com,2a$11$V3JFLQyf1hDDHlzEznYdme5XT7Z6U4nYJGbxuYYIcv.TgxelFBG61,,,,0,,,,,,,,,Irene Gill,,,,,,
,zap@wikedi.net,2a$11$V3JFLQyf1hDDHlzEznYdme5XT7Z6U4nYJGbxuYYIcv.TgxelFBG62,,,,0,,,,,,,,,Theresa Willis,,,,,,
,fo@jebzep.com,2a$11$V3JFLQyf1hDDHlzEznYdme5XT7Z6U4nYJGbxuYYIcv.TgxelFBG63,,,,0,,,,,,,,,Ray Adams,,,,,,
,brett@t.com,2a$11$V3JFLQyf1hDDHlzEznYdme5XT7Z6U4nYJGbxuYYIcv.TgxelFBG64,,,,0,,,,,,,,,Brett Oliver,,,,,,